sample_id,tic_id,label,label_source,label_confidence,period,depth,duration,snr,sector,n_observations,source_catalog,raw_path,processed_path,feature_path,notes,created_at
TIC_101070833_001,101070833,binary,tess_ebs_vizier,high,0.8276644,0.254,0.1669999957084655,,,0,"TESS-EBs (Prsa+ 2022, VizieR J/ApJS/258/16)",data/raw/101070833.npz,,,Primary EB signal (m_TIC=1),2026-06-24T21:19:49.167169+00:00
TIC_102195674_001,102195674,binary,tess_ebs_vizier,high,8.7572,0.039,0.0209999997168779,,,0,"TESS-EBs (Prsa+ 2022, VizieR J/ApJS/258/16)",data/raw/102195674.npz,,,Primary EB signal (m_TIC=1),2026-06-24T21:19:49.167201+00:00
TIC_112401201_001,112401201,binary,tess_ebs_vizier,high,1.1157894,0.156,0.1410000026226043,,,0,"TESS-EBs (Prsa+ 2022, VizieR J/ApJS/258/16)",data/raw/112401201.npz,,,Primary EB signal (m_TIC=1),2026-06-24T21:19:49.167226+00:00
TIC_121714982_001,121714982,binary,tess_ebs_vizier,high,0.8601619,0.01,0.2440000027418136,,,0,"TESS-EBs (Prsa+ 2022, VizieR J/ApJS/258/16)",data/raw/121714982.npz,,,Primary EB signal (m_TIC=1),2026-06-24T21:19:49.167247+00:00
TIC_124106762_001,124106762,binary,tess_ebs_vizier,high,4.1869104,0.223,0.0390000008046627,,,0,"TESS-EBs (Prsa+ 2022, VizieR J/ApJS/258/16)",data/raw/124106762.npz,,,Primary EB signal (m_TIC=1),2026-06-24T21:19:49.167268+00:00
TIC_12494582_001,12494582,binary,tess_ebs_vizier,high,0.8309453,0.075,0.1080000028014183,,,0,"TESS-EBs (Prsa+ 2022, VizieR J/ApJS/258/16)",data/raw/12494582.npz,,,Primary EB signal (m_TIC=1),2026-06-24T21:19:49.167289+00:00
TIC_140346195_001,140346195,binary,tess_ebs_vizier,high,1.7290744,,,,,0,"TESS-EBs (Prsa+ 2022, VizieR J/ApJS/258/16)",data/raw/140346195.npz,,,Primary EB signal (m_TIC=1),2026-06-24T21:19:49.167309+00:00
TIC_14040050_001,14040050,binary,tess_ebs_vizier,high,10.2707341,0.014,0.0410000011324882,,,0,"TESS-EBs (Prsa+ 2022, VizieR J/ApJS/258/16)",data/raw/14040050.npz,,,Primary EB signal (m_TIC=1),2026-06-24T21:19:49.167329+00:00
TIC_158324245_001,158324245,binary,tess_ebs_vizier,high,3.5271651,0.004,0.0359999984502792,,,0,"TESS-EBs (Prsa+ 2022, VizieR J/ApJS/258/16)",data/raw/158324245.npz,,,Primary EB signal (m_TIC=1),2026-06-24T21:19:49.167349+00:00
TIC_158536052_001,158536052,binary,tess_ebs_vizier,high,19.9756911,0.181,0.0120000001043081,,,0,"TESS-EBs (Prsa+ 2022, VizieR J/ApJS/258/16)",data/raw/158536052.npz,,,Primary EB signal (m_TIC=1),2026-06-24T21:19:49.167370+00:00
TIC_164674435_001,164674435,binary,tess_ebs_vizier,high,1.7418186,0.006,0.2739999890327453,,,0,"TESS-EBs (Prsa+ 2022, VizieR J/ApJS/258/16)",data/raw/164674435.npz,,,Primary EB signal (m_TIC=1),2026-06-24T21:19:49.167389+00:00
TIC_170634116_001,170634116,binary,tess_ebs_vizier,high,3.6623971,0.007,0.0379999987781047,,,0,"TESS-EBs (Prsa+ 2022, VizieR J/ApJS/258/16)",data/raw/170634116.npz,,,Primary EB signal (m_TIC=1),2026-06-24T21:19:49.167409+00:00
TIC_172464366_001,172464366,binary,tess_ebs_vizier,high,2.9215537,0.005,0.0370000004768371,,,0,"TESS-EBs (Prsa+ 2022, VizieR J/ApJS/258/16)",data/raw/172464366.npz,,,Primary EB signal (m_TIC=1),2026-06-24T21:19:49.167429+00:00
TIC_180770456_001,180770456,binary,tess_ebs_vizier,high,2.8813735,0.287,0.1330000013113021,,,0,"TESS-EBs (Prsa+ 2022, VizieR J/ApJS/258/16)",data/raw/180770456.npz,,,Primary EB signal (m_TIC=1),2026-06-24T21:19:49.167448+00:00
TIC_18636142_001,18636142,binary,tess_ebs_vizier,high,0.4315181,0.08,0.1899999976158142,,,0,"TESS-EBs (Prsa+ 2022, VizieR J/ApJS/258/16)",data/raw/18636142.npz,,,Primary EB signal (m_TIC=1),2026-06-24T21:19:49.167468+00:00
TIC_219203188_001,219203188,binary,tess_ebs_vizier,high,0.2319362,0.676,0.1700000017881393,,,0,"TESS-EBs (Prsa+ 2022, VizieR J/ApJS/258/16)",data/raw/219203188.npz,,,Primary EB signal (m_TIC=1),2026-06-24T21:19:49.167487+00:00
TIC_219328400_001,219328400,binary,tess_ebs_vizier,high,0.3390354,0.051,0.2380000054836273,,,0,"TESS-EBs (Prsa+ 2022, VizieR J/ApJS/258/16)",data/raw/219328400.npz,,,Primary EB signal (m_TIC=1),2026-06-24T21:19:49.167507+00:00
TIC_220474209_001,220474209,binary,tess_ebs_vizier,high,0.9801495,0.067,0.0750000029802322,,,0,"TESS-EBs (Prsa+ 2022, VizieR J/ApJS/258/16)",data/raw/220474209.npz,,,Primary EB signal (m_TIC=1),2026-06-24T21:19:49.167527+00:00
TIC_229910746_001,229910746,binary,tess_ebs_vizier,high,2.5063335,0.169,0.0489999987185001,,,0,"TESS-EBs (Prsa+ 2022, VizieR J/ApJS/258/16)",data/raw/229910746.npz,,,Primary EB signal (m_TIC=1),2026-06-24T21:19:49.167546+00:00
TIC_231275247_001,231275247,binary,tess_ebs_vizier,high,4.0079017,0.008,0.0219999998807907,,,0,"TESS-EBs (Prsa+ 2022, VizieR J/ApJS/258/16)",data/raw/231275247.npz,,,Primary EB signal (m_TIC=1),2026-06-24T21:19:49.167566+00:00
TIC_231826813_001,231826813,binary,tess_ebs_vizier,high,0.9007543,,,,,0,"TESS-EBs (Prsa+ 2022, VizieR J/ApJS/258/16)",data/raw/231826813.npz,,,Primary EB signal (m_TIC=1),2026-06-24T21:19:49.167590+00:00
TIC_237105551_001,237105551,binary,tess_ebs_vizier,high,95.6494225,,,,,0,"TESS-EBs (Prsa+ 2022, VizieR J/ApJS/258/16)",data/raw/237105551.npz,,,Primary EB signal (m_TIC=1),2026-06-24T21:19:49.167610+00:00
TIC_253929719_001,253929719,binary,tess_ebs_vizier,high,6.6868705,0.036,0.032999999821186,,,0,"TESS-EBs (Prsa+ 2022, VizieR J/ApJS/258/16)",data/raw/253929719.npz,,,Primary EB signal (m_TIC=1),2026-06-24T21:19:49.167629+00:00
TIC_258389327_001,258389327,binary,tess_ebs_vizier,high,26.5478508,,,,,0,"TESS-EBs (Prsa+ 2022, VizieR J/ApJS/258/16)",data/raw/258389327.npz,,,Primary EB signal (m_TIC=1),2026-06-24T21:19:49.167649+00:00
TIC_259701720_001,259701720,binary,tess_ebs_vizier,high,3.972003,0.742,0.0989999994635582,,,0,"TESS-EBs (Prsa+ 2022, VizieR J/ApJS/258/16)",data/raw/259701720.npz,,,Primary EB signal (m_TIC=1),2026-06-24T21:19:49.167668+00:00
TIC_273131564_001,273131564,binary,tess_ebs_vizier,high,7.8631235,0.023,0.0170000009238719,,,0,"TESS-EBs (Prsa+ 2022, VizieR J/ApJS/258/16)",data/raw/273131564.npz,,,Primary EB signal (m_TIC=1),2026-06-24T21:19:49.167688+00:00
TIC_273571987_001,273571987,binary,tess_ebs_vizier,high,0.7514777,0.08,0.0549999997019767,,,0,"TESS-EBs (Prsa+ 2022, VizieR J/ApJS/258/16)",data/raw/273571987.npz,,,Primary EB signal (m_TIC=1),2026-06-24T21:19:49.167708+00:00
TIC_277649549_001,277649549,binary,tess_ebs_vizier,high,14.4904608,0.118,0.0120000001043081,,,0,"TESS-EBs (Prsa+ 2022, VizieR J/ApJS/258/16)",data/raw/277649549.npz,,,Primary EB signal (m_TIC=1),2026-06-24T21:19:49.167728+00:00
TIC_278289141_001,278289141,binary,tess_ebs_vizier,high,5.8672921,0.025,0.0430000014603138,,,0,"TESS-EBs (Prsa+ 2022, VizieR J/ApJS/258/16)",data/raw/278289141.npz,,,Primary EB signal (m_TIC=1),2026-06-24T21:19:49.167747+00:00
TIC_280321964_001,280321964,binary,tess_ebs_vizier,high,2.1733723,0.034,0.0480000004172325,,,0,"TESS-EBs (Prsa+ 2022, VizieR J/ApJS/258/16)",data/raw/280321964.npz,,,Primary EB signal (m_TIC=1),2026-06-24T21:19:49.167767+00:00
TIC_286310830_001,286310830,binary,tess_ebs_vizier,high,8.3685918,0.386,0.0469999983906745,,,0,"TESS-EBs (Prsa+ 2022, VizieR J/ApJS/258/16)",data/raw/286310830.npz,,,Primary EB signal (m_TIC=1),2026-06-24T21:19:49.167786+00:00
TIC_291116020_001,291116020,binary,tess_ebs_vizier,high,14.4641037,0.011,0.0189999993890523,,,0,"TESS-EBs (Prsa+ 2022, VizieR J/ApJS/258/16)",data/raw/291116020.npz,,,Primary EB signal (m_TIC=1),2026-06-24T21:19:49.167805+00:00
TIC_294059372_001,294059372,binary,tess_ebs_vizier,high,0.6667438,0.065,0.1289999932050705,,,0,"TESS-EBs (Prsa+ 2022, VizieR J/ApJS/258/16)",data/raw/294059372.npz,,,Primary EB signal (m_TIC=1),2026-06-24T21:19:49.167825+00:00
TIC_294327312_001,294327312,binary,tess_ebs_vizier,high,0.9185462,0.034,0.1369999945163726,,,0,"TESS-EBs (Prsa+ 2022, VizieR J/ApJS/258/16)",data/raw/294327312.npz,,,Primary EB signal (m_TIC=1),2026-06-24T21:19:49.167844+00:00
TIC_298008052_001,298008052,binary,tess_ebs_vizier,high,4.363359,0.058,0.0509999990463256,,,0,"TESS-EBs (Prsa+ 2022, VizieR J/ApJS/258/16)",data/raw/298008052.npz,,,Primary EB signal (m_TIC=1),2026-06-24T21:19:49.167864+00:00
TIC_298079609_001,298079609,binary,tess_ebs_vizier,high,0.495386,0.026,0.2840000092983246,,,0,"TESS-EBs (Prsa+ 2022, VizieR J/ApJS/258/16)",data/raw/298079609.npz,,,Primary EB signal (m_TIC=1),2026-06-24T21:19:49.167883+00:00
TIC_304458680_001,304458680,binary,tess_ebs_vizier,high,1.0387194,0.004,0.2469999939203262,,,0,"TESS-EBs (Prsa+ 2022, VizieR J/ApJS/258/16)",data/raw/304458680.npz,,,Primary EB signal (m_TIC=1),2026-06-24T21:19:49.167904+00:00
TIC_320264006_001,320264006,binary,tess_ebs_vizier,high,9.2758197,0.047,0.0219999998807907,,,0,"TESS-EBs (Prsa+ 2022, VizieR J/ApJS/258/16)",data/raw/320264006.npz,,,Primary EB signal (m_TIC=1),2026-06-24T21:19:49.167923+00:00
TIC_326149070_001,326149070,binary,tess_ebs_vizier,high,1.9514945,0.009,0.050000000745058,,,0,"TESS-EBs (Prsa+ 2022, VizieR J/ApJS/258/16)",data/raw/326149070.npz,,,Primary EB signal (m_TIC=1),2026-06-24T21:19:49.167943+00:00
TIC_332517282_001,332517282,binary,tess_ebs_vizier,high,0.402493,,,,,0,"TESS-EBs (Prsa+ 2022, VizieR J/ApJS/258/16)",data/raw/332517282.npz,,,Primary EB signal (m_TIC=1),2026-06-24T21:19:49.167963+00:00
TIC_350443417_001,350443417,binary,tess_ebs_vizier,high,1.2167214,0.219,0.0829999968409538,,,0,"TESS-EBs (Prsa+ 2022, VizieR J/ApJS/258/16)",data/raw/350443417.npz,,,Primary EB signal (m_TIC=1),2026-06-24T21:19:49.167983+00:00
TIC_35743561_001,35743561,binary,tess_ebs_vizier,high,2.7207961,0.455,0.1169999986886978,,,0,"TESS-EBs (Prsa+ 2022, VizieR J/ApJS/258/16)",data/raw/35743561.npz,,,Primary EB signal (m_TIC=1),2026-06-24T21:19:49.168003+00:00
TIC_364200513_001,364200513,binary,tess_ebs_vizier,high,7.671829,0.002,0.032999999821186,,,0,"TESS-EBs (Prsa+ 2022, VizieR J/ApJS/258/16)",data/raw/364200513.npz,,,Primary EB signal (m_TIC=1),2026-06-24T21:19:49.168022+00:00
TIC_369988687_001,369988687,binary,tess_ebs_vizier,high,2.406082,0.016,0.032999999821186,,,0,"TESS-EBs (Prsa+ 2022, VizieR J/ApJS/258/16)",data/raw/369988687.npz,,,Primary EB signal (m_TIC=1),2026-06-24T21:19:49.168043+00:00
TIC_376162807_001,376162807,binary,tess_ebs_vizier,high,5.1002498,0.348,0.1209999993443489,,,0,"TESS-EBs (Prsa+ 2022, VizieR J/ApJS/258/16)",data/raw/376162807.npz,,,Primary EB signal (m_TIC=1),2026-06-24T21:19:49.168062+00:00
TIC_418532689_001,418532689,binary,tess_ebs_vizier,high,0.3803666,0.365,0.1319999992847442,,,0,"TESS-EBs (Prsa+ 2022, VizieR J/ApJS/258/16)",data/raw/418532689.npz,,,Primary EB signal (m_TIC=1),2026-06-24T21:19:49.168082+00:00
TIC_421191260_001,421191260,binary,tess_ebs_vizier,high,2.6857639,,,,,0,"TESS-EBs (Prsa+ 2022, VizieR J/ApJS/258/16)",data/raw/421191260.npz,,,Primary EB signal (m_TIC=1),2026-06-24T21:19:49.168102+00:00
TIC_437241830_001,437241830,binary,tess_ebs_vizier,high,0.9442651,0.196,0.1330000013113021,,,0,"TESS-EBs (Prsa+ 2022, VizieR J/ApJS/258/16)",data/raw/437241830.npz,,,Primary EB signal (m_TIC=1),2026-06-24T21:19:49.168122+00:00
TIC_441808796_001,441808796,binary,tess_ebs_vizier,high,15.4713374,0.005,0.0070000002160668,,,0,"TESS-EBs (Prsa+ 2022, VizieR J/ApJS/258/16)",data/raw/441808796.npz,,,Primary EB signal (m_TIC=1),2026-06-24T21:19:49.168142+00:00
TIC_44560801_001,44560801,binary,tess_ebs_vizier,high,2.7935345,0.321,0.0780000016093254,,,0,"TESS-EBs (Prsa+ 2022, VizieR J/ApJS/258/16)",data/raw/44560801.npz,,,Primary EB signal (m_TIC=1),2026-06-24T21:19:49.168164+00:00
TIC_450798369_001,450798369,binary,tess_ebs_vizier,high,1.1585309,,,,,0,"TESS-EBs (Prsa+ 2022, VizieR J/ApJS/258/16)",data/raw/450798369.npz,,,Primary EB signal (m_TIC=1),2026-06-24T21:19:49.168184+00:00
TIC_450918869_001,450918869,binary,tess_ebs_vizier,high,4.2247759,0.019,0.0439999997615814,,,0,"TESS-EBs (Prsa+ 2022, VizieR J/ApJS/258/16)",data/raw/450918869.npz,,,Primary EB signal (m_TIC=1),2026-06-24T21:19:49.168204+00:00
TIC_458259927_001,458259927,binary,tess_ebs_vizier,high,4.5840432,0.082,0.1340000033378601,,,0,"TESS-EBs (Prsa+ 2022, VizieR J/ApJS/258/16)",data/raw/458259927.npz,,,Primary EB signal (m_TIC=1),2026-06-24T21:19:49.168224+00:00
TIC_461271719_001,461271719,binary,tess_ebs_vizier,high,3.8127029,0.0,0.3149999976158142,,,0,"TESS-EBs (Prsa+ 2022, VizieR J/ApJS/258/16)",data/raw/461271719.npz,,,Primary EB signal (m_TIC=1),2026-06-24T21:19:49.168244+00:00
TIC_48658291_001,48658291,binary,tess_ebs_vizier,high,3.1757735,0.087,0.0480000004172325,,,0,"TESS-EBs (Prsa+ 2022, VizieR J/ApJS/258/16)",data/raw/48658291.npz,,,Primary EB signal (m_TIC=1),2026-06-24T21:19:49.168264+00:00
TIC_56912737_001,56912737,binary,tess_ebs_vizier,high,20.6894168,0.009,0.0070000002160668,,,0,"TESS-EBs (Prsa+ 2022, VizieR J/ApJS/258/16)",data/raw/56912737.npz,,,Primary EB signal (m_TIC=1),2026-06-24T21:19:49.168283+00:00
TIC_6400274_001,6400274,binary,tess_ebs_vizier,high,1.211232,0.182,0.0799999982118606,,,0,"TESS-EBs (Prsa+ 2022, VizieR J/ApJS/258/16)",data/raw/6400274.npz,,,Primary EB signal (m_TIC=1),2026-06-24T21:19:49.168303+00:00
TIC_65200579_001,65200579,binary,tess_ebs_vizier,high,3.9293052,0.003,0.1000000014901161,,,0,"TESS-EBs (Prsa+ 2022, VizieR J/ApJS/258/16)",data/raw/65200579.npz,,,Primary EB signal (m_TIC=1),2026-06-24T21:19:49.168323+00:00
TIC_93681365_001,93681365,binary,tess_ebs_vizier,high,0.3960371,,,,,0,"TESS-EBs (Prsa+ 2022, VizieR J/ApJS/258/16)",data/raw/93681365.npz,,,Primary EB signal (m_TIC=1),2026-06-24T21:19:49.168343+00:00
TIC_9473243_001,9473243,binary,tess_ebs_vizier,high,2.2669595,0.906,0.1120000034570694,,,0,"TESS-EBs (Prsa+ 2022, VizieR J/ApJS/258/16)",data/raw/9473243.npz,,,Primary EB signal (m_TIC=1),2026-06-24T21:19:49.168366+00:00
TIC_100589632_001,100589632,blend,nasa_toi_fp,medium,3.9471567,,,,,0,NASA Exoplanet Archive TOI (FP),data/raw/100589632.npz,,,TOI false positive — likely blend or instrumental,2026-06-24T21:19:49.168387+00:00
TIC_116257066_001,116257066,blend,nasa_toi_fp,medium,6.5019596,,,,,0,NASA Exoplanet Archive TOI (FP),data/raw/116257066.npz,,,TOI false positive — likely blend or instrumental,2026-06-24T21:19:49.168407+00:00
TIC_118308828_001,118308828,blend,nasa_toi_fp,medium,3.7353995,,,,,0,NASA Exoplanet Archive TOI (FP),data/raw/118308828.npz,,,TOI false positive — likely blend or instrumental,2026-06-24T21:19:49.168427+00:00
TIC_122485078_001,122485078,blend,nasa_toi_fp,medium,9.1505,,,,,0,NASA Exoplanet Archive TOI (FP),data/raw/122485078.npz,,,TOI false positive — likely blend or instrumental,2026-06-24T21:19:49.168447+00:00
TIC_127476180_001,127476180,blend,nasa_toi_fp,medium,1.6038093,,,,,0,NASA Exoplanet Archive TOI (FP),data/raw/127476180.npz,,,TOI false positive — likely blend or instrumental,2026-06-24T21:19:49.168466+00:00
TIC_131581531_001,131581531,blend,nasa_toi_fp,medium,3.0591641,,,,,0,NASA Exoplanet Archive TOI (FP),data/raw/131581531.npz,,,TOI false positive — likely blend or instrumental,2026-06-24T21:19:49.168486+00:00
TIC_143526444_001,143526444,blend,nasa_toi_fp,medium,15.3050693,,,,,0,NASA Exoplanet Archive TOI (FP),data/raw/143526444.npz,,,TOI false positive — likely blend or instrumental,2026-06-24T21:19:49.168506+00:00
TIC_149601557_001,149601557,blend,nasa_toi_fp,medium,29.0161646,,,,,0,NASA Exoplanet Archive TOI (FP),data/raw/149601557.npz,,,TOI false positive — likely blend or instrumental,2026-06-24T21:19:49.168526+00:00
TIC_162246865_001,162246865,blend,nasa_toi_fp,medium,0.5646193,,,,,0,NASA Exoplanet Archive TOI (FP),data/raw/162246865.npz,,,TOI false positive — likely blend or instrumental,2026-06-24T21:19:49.168545+00:00
TIC_176984236_001,176984236,blend,nasa_toi_fp,medium,1.7560902,,,,,0,NASA Exoplanet Archive TOI (FP),data/raw/176984236.npz,,,TOI false positive — likely blend or instrumental,2026-06-24T21:19:49.168565+00:00
TIC_179033846_001,179033846,blend,nasa_toi_fp,medium,1.476869,,,,,0,NASA Exoplanet Archive TOI (FP),data/raw/179033846.npz,,,TOI false positive — likely blend or instrumental,2026-06-24T21:19:49.168585+00:00
TIC_197959526_001,197959526,blend,nasa_toi_fp,medium,0.7196291,,,,,0,NASA Exoplanet Archive TOI (FP),data/raw/197959526.npz,,,TOI false positive — likely blend or instrumental,2026-06-24T21:19:49.168604+00:00
TIC_229285649_001,229285649,blend,nasa_toi_fp,medium,8.493027,,,,,0,NASA Exoplanet Archive TOI (FP),data/raw/229285649.npz,,,TOI false positive — likely blend or instrumental,2026-06-24T21:19:49.168624+00:00
TIC_239722954_001,239722954,blend,nasa_toi_fp,medium,1.4958429,,,,,0,NASA Exoplanet Archive TOI (FP),data/raw/239722954.npz,,,TOI false positive — likely blend or instrumental,2026-06-24T21:19:49.168644+00:00
TIC_24364065_001,24364065,blend,nasa_toi_fp,medium,4.05135,,,,,0,NASA Exoplanet Archive TOI (FP),data/raw/24364065.npz,,,TOI false positive — likely blend or instrumental,2026-06-24T21:19:49.168664+00:00
TIC_253990973_001,253990973,blend,nasa_toi_fp,medium,0.540933,,,,,0,NASA Exoplanet Archive TOI (FP),data/raw/253990973.npz,,,TOI false positive — likely blend or instrumental,2026-06-24T21:19:49.168683+00:00
TIC_259129875_001,259129875,blend,nasa_toi_fp,medium,0.43889,,,,,0,NASA Exoplanet Archive TOI (FP),data/raw/259129875.npz,,,TOI false positive — likely blend or instrumental,2026-06-24T21:19:49.168703+00:00
TIC_259389219_001,259389219,blend,nasa_toi_fp,medium,2.3250156,,,,,0,NASA Exoplanet Archive TOI (FP),data/raw/259389219.npz,,,TOI false positive — likely blend or instrumental,2026-06-24T21:19:49.168723+00:00
TIC_261141602_001,261141602,blend,nasa_toi_fp,medium,1.4956727,,,,,0,NASA Exoplanet Archive TOI (FP),data/raw/261141602.npz,,,TOI false positive — likely blend or instrumental,2026-06-24T21:19:49.168743+00:00
TIC_266688542_001,266688542,blend,nasa_toi_fp,medium,2.9424142,,,,,0,NASA Exoplanet Archive TOI (FP),data/raw/266688542.npz,,,TOI false positive — likely blend or instrumental,2026-06-24T21:19:49.168762+00:00
TIC_269892793_001,269892793,blend,nasa_toi_fp,medium,1.7729239,,,,,0,NASA Exoplanet Archive TOI (FP),data/raw/269892793.npz,,,TOI false positive — likely blend or instrumental,2026-06-24T21:19:49.168792+00:00
TIC_273774284_001,273774284,blend,nasa_toi_fp,medium,17.2182695,,,,,0,NASA Exoplanet Archive TOI (FP),data/raw/273774284.npz,,,TOI false positive — likely blend or instrumental,2026-06-24T21:19:49.168812+00:00
TIC_276380902_001,276380902,blend,nasa_toi_fp,medium,0.6171788,,,,,0,NASA Exoplanet Archive TOI (FP),data/raw/276380902.npz,,,TOI false positive — likely blend or instrumental,2026-06-24T21:19:49.168832+00:00
TIC_300557619_001,300557619,blend,nasa_toi_fp,medium,30.57908,,,,,0,NASA Exoplanet Archive TOI (FP),data/raw/300557619.npz,,,TOI false positive — likely blend or instrumental,2026-06-24T21:19:49.168853+00:00
TIC_305478010_001,305478010,blend,nasa_toi_fp,medium,3.121339,,,,,0,NASA Exoplanet Archive TOI (FP),data/raw/305478010.npz,,,TOI false positive — likely blend or instrumental,2026-06-24T21:19:49.168873+00:00
TIC_306902029_001,306902029,blend,nasa_toi_fp,medium,1.0754572,,,,,0,NASA Exoplanet Archive TOI (FP),data/raw/306902029.npz,,,TOI false positive — likely blend or instrumental,2026-06-24T21:19:49.168893+00:00
TIC_309436531_001,309436531,blend,nasa_toi_fp,medium,3.2136333,,,,,0,NASA Exoplanet Archive TOI (FP),data/raw/309436531.npz,,,TOI false positive — likely blend or instrumental,2026-06-24T21:19:49.168913+00:00
TIC_320506985_001,320506985,blend,nasa_toi_fp,medium,1.08697,,,,,0,NASA Exoplanet Archive TOI (FP),data/raw/320506985.npz,,,TOI false positive — likely blend or instrumental,2026-06-24T21:19:49.168933+00:00
TIC_348684813_001,348684813,blend,nasa_toi_fp,medium,7.7517472,,,,,0,NASA Exoplanet Archive TOI (FP),data/raw/348684813.npz,,,TOI false positive — likely blend or instrumental,2026-06-24T21:19:49.168958+00:00
TIC_353586703_001,353586703,blend,nasa_toi_fp,medium,3.0043128,,,,,0,NASA Exoplanet Archive TOI (FP),data/raw/353586703.npz,,,TOI false positive — likely blend or instrumental,2026-06-24T21:19:49.168979+00:00
TIC_403288821_001,403288821,blend,nasa_toi_fp,medium,0.5474737,,,,,0,NASA Exoplanet Archive TOI (FP),data/raw/403288821.npz,,,TOI false positive — likely blend or instrumental,2026-06-24T21:19:49.169000+00:00
TIC_437156845_001,437156845,blend,nasa_toi_fp,medium,3.4906402,,,,,0,NASA Exoplanet Archive TOI (FP),data/raw/437156845.npz,,,TOI false positive — likely blend or instrumental,2026-06-24T21:19:49.169020+00:00
TIC_449549170_001,449549170,blend,nasa_toi_fp,medium,1.4753526,,,,,0,NASA Exoplanet Archive TOI (FP),data/raw/449549170.npz,,,TOI false positive — likely blend or instrumental,2026-06-24T21:19:49.169040+00:00
TIC_452810327_001,452810327,blend,nasa_toi_fp,medium,2.3540172,,,,,0,NASA Exoplanet Archive TOI (FP),data/raw/452810327.npz,,,TOI false positive — likely blend or instrumental,2026-06-24T21:19:49.169061+00:00
TIC_75417968_001,75417968,blend,nasa_toi_fp,medium,3.3815776,,,,,0,NASA Exoplanet Archive TOI (FP),data/raw/75417968.npz,,,TOI false positive — likely blend or instrumental,2026-06-24T21:19:49.169082+00:00
TIC_90448944_001,90448944,blend,nasa_toi_fp,medium,1.4415577,,,,,0,NASA Exoplanet Archive TOI (FP),data/raw/90448944.npz,,,TOI false positive — likely blend or instrumental,2026-06-24T21:19:49.169102+00:00
TIC_92783821_001,92783821,blend,nasa_toi_fp,medium,3.8615978,,,,,0,NASA Exoplanet Archive TOI (FP),data/raw/92783821.npz,,,TOI false positive — likely blend or instrumental,2026-06-24T21:19:49.169122+00:00
TIC_1107864970_001,1107864970,noise,tic_field_sample,low,,,,,,0,TESS Input Catalog field sample,data/raw/1107864970.npz,,,"Quiet field star from patch RA=225.0, Dec=-68.0",2026-06-24T21:19:49.169143+00:00
TIC_149970824_001,149970824,noise,tic_field_sample,low,,,,,,0,TESS Input Catalog field sample,data/raw/149970824.npz,,,"Quiet field star from patch RA=90.0, Dec=-60.0",2026-06-24T21:19:49.169163+00:00
TIC_149988431_001,149988431,noise,tic_field_sample,low,,,,,,0,TESS Input Catalog field sample,data/raw/149988431.npz,,,"Quiet field star from patch RA=90.0, Dec=-60.0",2026-06-24T21:19:49.169183+00:00
TIC_178456204_001,178456204,noise,tic_field_sample,low,,,,,,0,TESS Input Catalog field sample,data/raw/178456204.npz,,,"Quiet field star from patch RA=165.0, Dec=-48.0",2026-06-24T21:19:49.169205+00:00
TIC_178456254_001,178456254,noise,tic_field_sample,low,,,,,,0,TESS Input Catalog field sample,data/raw/178456254.npz,,,"Quiet field star from patch RA=165.0, Dec=-48.0",2026-06-24T21:19:49.169225+00:00
TIC_178456276_001,178456276,noise,tic_field_sample,low,,,,,,0,TESS Input Catalog field sample,data/raw/178456276.npz,,,"Quiet field star from patch RA=165.0, Dec=-48.0",2026-06-24T21:19:49.169245+00:00
TIC_201563190_001,201563190,noise,tic_field_sample,low,,,,,,0,TESS Input Catalog field sample,data/raw/201563190.npz,,,"Quiet field star from patch RA=285.0, Dec=-55.0",2026-06-24T21:19:49.169265+00:00
TIC_201563196_001,201563196,noise,tic_field_sample,low,,,,,,0,TESS Input Catalog field sample,data/raw/201563196.npz,,,"Quiet field star from patch RA=285.0, Dec=-55.0",2026-06-24T21:19:49.169284+00:00
TIC_201563231_001,201563231,noise,tic_field_sample,low,,,,,,0,TESS Input Catalog field sample,data/raw/201563231.npz,,,"Quiet field star from patch RA=285.0, Dec=-55.0",2026-06-24T21:19:49.169304+00:00
TIC_201563235_001,201563235,noise,tic_field_sample,low,,,,,,0,TESS Input Catalog field sample,data/raw/201563235.npz,,,"Quiet field star from patch RA=285.0, Dec=-55.0",2026-06-24T21:19:49.169324+00:00
TIC_201604802_001,201604802,noise,tic_field_sample,low,,,,,,0,TESS Input Catalog field sample,data/raw/201604802.npz,,,"Quiet field star from patch RA=285.0, Dec=-55.0",2026-06-24T21:19:49.169344+00:00
TIC_201604803_001,201604803,noise,tic_field_sample,low,,,,,,0,TESS Input Catalog field sample,data/raw/201604803.npz,,,"Quiet field star from patch RA=285.0, Dec=-55.0",2026-06-24T21:19:49.169363+00:00
TIC_201604918_001,201604918,noise,tic_field_sample,low,,,,,,0,TESS Input Catalog field sample,data/raw/201604918.npz,,,"Quiet field star from patch RA=285.0, Dec=-55.0",2026-06-24T21:19:49.169383+00:00
TIC_260136970_001,260136970,noise,tic_field_sample,low,,,,,,0,TESS Input Catalog field sample,data/raw/260136970.npz,,,"Quiet field star from patch RA=225.0, Dec=-68.0",2026-06-24T21:19:49.169403+00:00
TIC_260137070_001,260137070,noise,tic_field_sample,low,,,,,,0,TESS Input Catalog field sample,data/raw/260137070.npz,,,"Quiet field star from patch RA=225.0, Dec=-68.0",2026-06-24T21:19:49.169423+00:00
TIC_260137522_001,260137522,noise,tic_field_sample,low,,,,,,0,TESS Input Catalog field sample,data/raw/260137522.npz,,,"Quiet field star from patch RA=225.0, Dec=-68.0",2026-06-24T21:19:49.169443+00:00
TIC_260330772_001,260330772,noise,tic_field_sample,low,,,,,,0,TESS Input Catalog field sample,data/raw/260330772.npz,,,"Quiet field star from patch RA=225.0, Dec=-68.0",2026-06-24T21:19:49.169462+00:00
TIC_260330850_001,260330850,noise,tic_field_sample,low,,,,,,0,TESS Input Catalog field sample,data/raw/260330850.npz,,,"Quiet field star from patch RA=225.0, Dec=-68.0",2026-06-24T21:19:49.169482+00:00
TIC_260330960_001,260330960,noise,tic_field_sample,low,,,,,,0,TESS Input Catalog field sample,data/raw/260330960.npz,,,"Quiet field star from patch RA=225.0, Dec=-68.0",2026-06-24T21:19:49.169501+00:00
TIC_260330966_001,260330966,noise,tic_field_sample,low,,,,,,0,TESS Input Catalog field sample,data/raw/260330966.npz,,,"Quiet field star from patch RA=225.0, Dec=-68.0",2026-06-24T21:19:49.169521+00:00
TIC_260331007_001,260331007,noise,tic_field_sample,low,,,,,,0,TESS Input Catalog field sample,data/raw/260331007.npz,,,"Quiet field star from patch RA=225.0, Dec=-68.0",2026-06-24T21:19:49.169541+00:00
TIC_260331107_001,260331107,noise,tic_field_sample,low,,,,,,0,TESS Input Catalog field sample,data/raw/260331107.npz,,,"Quiet field star from patch RA=225.0, Dec=-68.0",2026-06-24T21:19:49.169560+00:00
TIC_260331154_001,260331154,noise,tic_field_sample,low,,,,,,0,TESS Input Catalog field sample,data/raw/260331154.npz,,,"Quiet field star from patch RA=225.0, Dec=-68.0",2026-06-24T21:19:49.169580+00:00
TIC_260331325_001,260331325,noise,tic_field_sample,low,,,,,,0,TESS Input Catalog field sample,data/raw/260331325.npz,,,"Quiet field star from patch RA=225.0, Dec=-68.0",2026-06-24T21:19:49.169599+00:00
TIC_260331385_001,260331385,noise,tic_field_sample,low,,,,,,0,TESS Input Catalog field sample,data/raw/260331385.npz,,,"Quiet field star from patch RA=225.0, Dec=-68.0",2026-06-24T21:19:49.169619+00:00
TIC_260331424_001,260331424,noise,tic_field_sample,low,,,,,,0,TESS Input Catalog field sample,data/raw/260331424.npz,,,"Quiet field star from patch RA=225.0, Dec=-68.0",2026-06-24T21:19:49.169639+00:00
TIC_260331441_001,260331441,noise,tic_field_sample,low,,,,,,0,TESS Input Catalog field sample,data/raw/260331441.npz,,,"Quiet field star from patch RA=225.0, Dec=-68.0",2026-06-24T21:19:49.169658+00:00
TIC_260331647_001,260331647,noise,tic_field_sample,low,,,,,,0,TESS Input Catalog field sample,data/raw/260331647.npz,,,"Quiet field star from patch RA=225.0, Dec=-68.0",2026-06-24T21:19:49.169678+00:00
TIC_260331671_001,260331671,noise,tic_field_sample,low,,,,,,0,TESS Input Catalog field sample,data/raw/260331671.npz,,,"Quiet field star from patch RA=225.0, Dec=-68.0",2026-06-24T21:19:49.169698+00:00
TIC_260331678_001,260331678,noise,tic_field_sample,low,,,,,,0,TESS Input Catalog field sample,data/raw/260331678.npz,,,"Quiet field star from patch RA=225.0, Dec=-68.0",2026-06-24T21:19:49.169717+00:00
TIC_260331789_001,260331789,noise,tic_field_sample,low,,,,,,0,TESS Input Catalog field sample,data/raw/260331789.npz,,,"Quiet field star from patch RA=225.0, Dec=-68.0",2026-06-24T21:19:49.169736+00:00
TIC_260450772_001,260450772,noise,tic_field_sample,low,,,,,,0,TESS Input Catalog field sample,data/raw/260450772.npz,,,"Quiet field star from patch RA=225.0, Dec=-68.0",2026-06-24T21:19:49.169756+00:00
TIC_260450798_001,260450798,noise,tic_field_sample,low,,,,,,0,TESS Input Catalog field sample,data/raw/260450798.npz,,,"Quiet field star from patch RA=225.0, Dec=-68.0",2026-06-24T21:19:49.169776+00:00
TIC_260450998_001,260450998,noise,tic_field_sample,low,,,,,,0,TESS Input Catalog field sample,data/raw/260450998.npz,,,"Quiet field star from patch RA=225.0, Dec=-68.0",2026-06-24T21:19:49.169797+00:00
TIC_260451134_001,260451134,noise,tic_field_sample,low,,,,,,0,TESS Input Catalog field sample,data/raw/260451134.npz,,,"Quiet field star from patch RA=225.0, Dec=-68.0",2026-06-24T21:19:49.169817+00:00
TIC_260451408_001,260451408,noise,tic_field_sample,low,,,,,,0,TESS Input Catalog field sample,data/raw/260451408.npz,,,"Quiet field star from patch RA=225.0, Dec=-68.0",2026-06-24T21:19:49.169836+00:00
TIC_260451425_001,260451425,noise,tic_field_sample,low,,,,,,0,TESS Input Catalog field sample,data/raw/260451425.npz,,,"Quiet field star from patch RA=225.0, Dec=-68.0",2026-06-24T21:19:49.169856+00:00
TIC_260451468_001,260451468,noise,tic_field_sample,low,,,,,,0,TESS Input Catalog field sample,data/raw/260451468.npz,,,"Quiet field star from patch RA=225.0, Dec=-68.0",2026-06-24T21:19:49.169876+00:00
TIC_260451721_001,260451721,noise,tic_field_sample,low,,,,,,0,TESS Input Catalog field sample,data/raw/260451721.npz,,,"Quiet field star from patch RA=225.0, Dec=-68.0",2026-06-24T21:19:49.169896+00:00
TIC_260452086_001,260452086,noise,tic_field_sample,low,,,,,,0,TESS Input Catalog field sample,data/raw/260452086.npz,,,"Quiet field star from patch RA=225.0, Dec=-68.0",2026-06-24T21:19:49.169916+00:00
TIC_282088360_001,282088360,noise,tic_field_sample,low,,,,,,0,TESS Input Catalog field sample,data/raw/282088360.npz,,,"Quiet field star from patch RA=135.0, Dec=-72.0",2026-06-24T21:19:49.169935+00:00
TIC_282088463_001,282088463,noise,tic_field_sample,low,,,,,,0,TESS Input Catalog field sample,data/raw/282088463.npz,,,"Quiet field star from patch RA=135.0, Dec=-72.0",2026-06-24T21:19:49.169955+00:00
TIC_302716192_001,302716192,noise,tic_field_sample,low,,,,,,0,TESS Input Catalog field sample,data/raw/302716192.npz,,,"Quiet field star from patch RA=135.0, Dec=-72.0",2026-06-24T21:19:49.169975+00:00
TIC_307537390_001,307537390,noise,tic_field_sample,low,,,,,,0,TESS Input Catalog field sample,data/raw/307537390.npz,,,"Quiet field star from patch RA=180.0, Dec=-65.0",2026-06-24T21:19:49.169997+00:00
TIC_307537547_001,307537547,noise,tic_field_sample,low,,,,,,0,TESS Input Catalog field sample,data/raw/307537547.npz,,,"Quiet field star from patch RA=180.0, Dec=-65.0",2026-06-24T21:19:49.170017+00:00
TIC_307537592_001,307537592,noise,tic_field_sample,low,,,,,,0,TESS Input Catalog field sample,data/raw/307537592.npz,,,"Quiet field star from patch RA=180.0, Dec=-65.0",2026-06-24T21:19:49.170037+00:00
TIC_307537691_001,307537691,noise,tic_field_sample,low,,,,,,0,TESS Input Catalog field sample,data/raw/307537691.npz,,,"Quiet field star from patch RA=180.0, Dec=-65.0",2026-06-24T21:19:49.170057+00:00
TIC_307550256_001,307550256,noise,tic_field_sample,low,,,,,,0,TESS Input Catalog field sample,data/raw/307550256.npz,,,"Quiet field star from patch RA=180.0, Dec=-65.0",2026-06-24T21:19:49.170076+00:00
TIC_307551029_001,307551029,noise,tic_field_sample,low,,,,,,0,TESS Input Catalog field sample,data/raw/307551029.npz,,,"Quiet field star from patch RA=180.0, Dec=-65.0",2026-06-24T21:19:49.170096+00:00
TIC_307551038_001,307551038,noise,tic_field_sample,low,,,,,,0,TESS Input Catalog field sample,data/raw/307551038.npz,,,"Quiet field star from patch RA=180.0, Dec=-65.0",2026-06-24T21:19:49.170116+00:00
TIC_307551276_001,307551276,noise,tic_field_sample,low,,,,,,0,TESS Input Catalog field sample,data/raw/307551276.npz,,,"Quiet field star from patch RA=180.0, Dec=-65.0",2026-06-24T21:19:49.170136+00:00
TIC_375276092_001,375276092,noise,tic_field_sample,low,,,,,,0,TESS Input Catalog field sample,data/raw/375276092.npz,,,"Quiet field star from patch RA=135.0, Dec=-72.0",2026-06-24T21:19:49.170156+00:00
TIC_375276104_001,375276104,noise,tic_field_sample,low,,,,,,0,TESS Input Catalog field sample,data/raw/375276104.npz,,,"Quiet field star from patch RA=135.0, Dec=-72.0",2026-06-24T21:19:49.170176+00:00
TIC_375276113_001,375276113,noise,tic_field_sample,low,,,,,,0,TESS Input Catalog field sample,data/raw/375276113.npz,,,"Quiet field star from patch RA=135.0, Dec=-72.0",2026-06-24T21:19:49.170195+00:00
TIC_379577698_001,379577698,noise,tic_field_sample,low,,,,,,0,TESS Input Catalog field sample,data/raw/379577698.npz,,,"Quiet field star from patch RA=285.0, Dec=-55.0",2026-06-24T21:19:49.170215+00:00
TIC_379577717_001,379577717,noise,tic_field_sample,low,,,,,,0,TESS Input Catalog field sample,data/raw/379577717.npz,,,"Quiet field star from patch RA=285.0, Dec=-55.0",2026-06-24T21:19:49.170235+00:00
TIC_394297556_001,394297556,noise,tic_field_sample,low,,,,,,0,TESS Input Catalog field sample,data/raw/394297556.npz,,,"Quiet field star from patch RA=200.0, Dec=-75.0",2026-06-24T21:19:49.170255+00:00
TIC_394297622_001,394297622,noise,tic_field_sample,low,,,,,,0,TESS Input Catalog field sample,data/raw/394297622.npz,,,"Quiet field star from patch RA=200.0, Dec=-75.0",2026-06-24T21:19:49.170274+00:00
TIC_394361994_001,394361994,noise,tic_field_sample,low,,,,,,0,TESS Input Catalog field sample,data/raw/394361994.npz,,,"Quiet field star from patch RA=200.0, Dec=-75.0",2026-06-24T21:19:49.170294+00:00
TIC_394362064_001,394362064,noise,tic_field_sample,low,,,,,,0,TESS Input Catalog field sample,data/raw/394362064.npz,,,"Quiet field star from patch RA=200.0, Dec=-75.0",2026-06-24T21:19:49.170314+00:00
TIC_394362174_001,394362174,noise,tic_field_sample,low,,,,,,0,TESS Input Catalog field sample,data/raw/394362174.npz,,,"Quiet field star from patch RA=200.0, Dec=-75.0",2026-06-24T21:19:49.170335+00:00
TIC_394362188_001,394362188,noise,tic_field_sample,low,,,,,,0,TESS Input Catalog field sample,data/raw/394362188.npz,,,"Quiet field star from patch RA=200.0, Dec=-75.0",2026-06-24T21:19:49.170355+00:00
TIC_394362222_001,394362222,noise,tic_field_sample,low,,,,,,0,TESS Input Catalog field sample,data/raw/394362222.npz,,,"Quiet field star from patch RA=200.0, Dec=-75.0",2026-06-24T21:19:49.170376+00:00
TIC_394362231_001,394362231,noise,tic_field_sample,low,,,,,,0,TESS Input Catalog field sample,data/raw/394362231.npz,,,"Quiet field star from patch RA=200.0, Dec=-75.0",2026-06-24T21:19:49.170396+00:00
TIC_394362272_001,394362272,noise,tic_field_sample,low,,,,,,0,TESS Input Catalog field sample,data/raw/394362272.npz,,,"Quiet field star from patch RA=200.0, Dec=-75.0",2026-06-24T21:19:49.170415+00:00
TIC_394362414_001,394362414,noise,tic_field_sample,low,,,,,,0,TESS Input Catalog field sample,data/raw/394362414.npz,,,"Quiet field star from patch RA=200.0, Dec=-75.0",2026-06-24T21:19:49.170435+00:00
TIC_394446549_001,394446549,noise,tic_field_sample,low,,,,,,0,TESS Input Catalog field sample,data/raw/394446549.npz,,,"Quiet field star from patch RA=200.0, Dec=-75.0",2026-06-24T21:19:49.170455+00:00
TIC_394446651_001,394446651,noise,tic_field_sample,low,,,,,,0,TESS Input Catalog field sample,data/raw/394446651.npz,,,"Quiet field star from patch RA=200.0, Dec=-75.0",2026-06-24T21:19:49.170475+00:00
TIC_394446670_001,394446670,noise,tic_field_sample,low,,,,,,0,TESS Input Catalog field sample,data/raw/394446670.npz,,,"Quiet field star from patch RA=200.0, Dec=-75.0",2026-06-24T21:19:49.170495+00:00
TIC_394446704_001,394446704,noise,tic_field_sample,low,,,,,,0,TESS Input Catalog field sample,data/raw/394446704.npz,,,"Quiet field star from patch RA=200.0, Dec=-75.0",2026-06-24T21:19:49.170514+00:00
TIC_734482361_001,734482361,noise,tic_field_sample,low,,,,,,0,TESS Input Catalog field sample,data/raw/734482361.npz,,,"Quiet field star from patch RA=90.0, Dec=-60.0",2026-06-24T21:19:49.170534+00:00
TIC_737408359_001,737408359,noise,tic_field_sample,low,,,,,,0,TESS Input Catalog field sample,data/raw/737408359.npz,,,"Quiet field star from patch RA=90.0, Dec=-60.0",2026-06-24T21:19:49.170554+00:00
TIC_80214073_001,80214073,noise,tic_field_sample,low,,,,,,0,TESS Input Catalog field sample,data/raw/80214073.npz,,,"Quiet field star from patch RA=165.0, Dec=-48.0",2026-06-24T21:19:49.170574+00:00
TIC_80214296_001,80214296,noise,tic_field_sample,low,,,,,,0,TESS Input Catalog field sample,data/raw/80214296.npz,,,"Quiet field star from patch RA=165.0, Dec=-48.0",2026-06-24T21:19:49.170593+00:00
TIC_80214312_001,80214312,noise,tic_field_sample,low,,,,,,0,TESS Input Catalog field sample,data/raw/80214312.npz,,,"Quiet field star from patch RA=165.0, Dec=-48.0",2026-06-24T21:19:49.170613+00:00
TIC_80214350_001,80214350,noise,tic_field_sample,low,,,,,,0,TESS Input Catalog field sample,data/raw/80214350.npz,,,"Quiet field star from patch RA=165.0, Dec=-48.0",2026-06-24T21:19:49.170633+00:00
TIC_80214357_001,80214357,noise,tic_field_sample,low,,,,,,0,TESS Input Catalog field sample,data/raw/80214357.npz,,,"Quiet field star from patch RA=165.0, Dec=-48.0",2026-06-24T21:19:49.170653+00:00
TIC_80214405_001,80214405,noise,tic_field_sample,low,,,,,,0,TESS Input Catalog field sample,data/raw/80214405.npz,,,"Quiet field star from patch RA=165.0, Dec=-48.0",2026-06-24T21:19:49.170673+00:00
TIC_80214469_001,80214469,noise,tic_field_sample,low,,,,,,0,TESS Input Catalog field sample,data/raw/80214469.npz,,,"Quiet field star from patch RA=165.0, Dec=-48.0",2026-06-24T21:19:49.170692+00:00
TIC_80214493_001,80214493,noise,tic_field_sample,low,,,,,,0,TESS Input Catalog field sample,data/raw/80214493.npz,,,"Quiet field star from patch RA=165.0, Dec=-48.0",2026-06-24T21:19:49.170712+00:00
TIC_112604564_001,112604564,starspot,tess_rotation_vizier,medium,,,,39.939998626708984,,0,TESS Rotation Catalog (VizieR J/ApJS/259/62),data/raw/112604564.npz,,,Rotationally modulated star; not a box transit,2026-06-24T21:19:49.170732+00:00
TIC_115524421_001,115524421,starspot,tess_rotation_vizier,medium,,,,29.8799991607666,,0,TESS Rotation Catalog (VizieR J/ApJS/259/62),data/raw/115524421.npz,,,Rotationally modulated star; not a box transit,2026-06-24T21:19:49.170752+00:00
TIC_125739286_001,125739286,starspot,tess_rotation_vizier,medium,,,,111.52999877929688,,0,TESS Rotation Catalog (VizieR J/ApJS/259/62),data/raw/125739286.npz,,,Rotationally modulated star; not a box transit,2026-06-24T21:19:49.170771+00:00
TIC_137881699_001,137881699,starspot,tess_rotation_vizier,medium,,,,27.959999084472656,,0,TESS Rotation Catalog (VizieR J/ApJS/259/62),data/raw/137881699.npz,,,Rotationally modulated star; not a box transit,2026-06-24T21:19:49.170792+00:00
TIC_14770122_001,14770122,starspot,tess_rotation_vizier,medium,,,,44.779998779296875,,0,TESS Rotation Catalog (VizieR J/ApJS/259/62),data/raw/14770122.npz,,,Rotationally modulated star; not a box transit,2026-06-24T21:19:49.170812+00:00
TIC_15692883_001,15692883,starspot,tess_rotation_vizier,medium,,,,62.70000076293945,,0,TESS Rotation Catalog (VizieR J/ApJS/259/62),data/raw/15692883.npz,,,Rotationally modulated star; not a box transit,2026-06-24T21:19:49.170832+00:00
TIC_168281028_001,168281028,starspot,tess_rotation_vizier,medium,,,,18.770000457763672,,0,TESS Rotation Catalog (VizieR J/ApJS/259/62),data/raw/168281028.npz,,,Rotationally modulated star; not a box transit,2026-06-24T21:19:49.170852+00:00
TIC_169226822_001,169226822,starspot,tess_rotation_vizier,medium,,,,178.0399932861328,,0,TESS Rotation Catalog (VizieR J/ApJS/259/62),data/raw/169226822.npz,,,Rotationally modulated star; not a box transit,2026-06-24T21:19:49.170872+00:00
TIC_176220787_001,176220787,starspot,tess_rotation_vizier,medium,,,,78.2300033569336,,0,TESS Rotation Catalog (VizieR J/ApJS/259/62),data/raw/176220787.npz,,,Rotationally modulated star; not a box transit,2026-06-24T21:19:49.170892+00:00
TIC_17746821_001,17746821,starspot,tess_rotation_vizier,medium,,,,33.34000015258789,,0,TESS Rotation Catalog (VizieR J/ApJS/259/62),data/raw/17746821.npz,,,Rotationally modulated star; not a box transit,2026-06-24T21:19:49.170912+00:00
TIC_178367144_001,178367144,starspot,tess_rotation_vizier,medium,,,,106.0,,0,TESS Rotation Catalog (VizieR J/ApJS/259/62),data/raw/178367144.npz,,,Rotationally modulated star; not a box transit,2026-06-24T21:19:49.170932+00:00
TIC_188570092_001,188570092,starspot,tess_rotation_vizier,medium,,,,53.47999954223633,,0,TESS Rotation Catalog (VizieR J/ApJS/259/62),data/raw/188570092.npz,,,Rotationally modulated star; not a box transit,2026-06-24T21:19:49.170951+00:00
TIC_201604954_001,201604954,starspot,tess_rotation_vizier,medium,,,,60.70000076293945,,0,TESS Rotation Catalog (VizieR J/ApJS/259/62),data/raw/201604954.npz,,,Rotationally modulated star; not a box transit,2026-06-24T21:19:49.170971+00:00
TIC_21744120_001,21744120,starspot,tess_rotation_vizier,medium,,,,69.12000274658203,,0,TESS Rotation Catalog (VizieR J/ApJS/259/62),data/raw/21744120.npz,,,Rotationally modulated star; not a box transit,2026-06-24T21:19:49.170991+00:00
TIC_219698950_001,219698950,starspot,tess_rotation_vizier,medium,,,,67.4800033569336,,0,TESS Rotation Catalog (VizieR J/ApJS/259/62),data/raw/219698950.npz,,,Rotationally modulated star; not a box transit,2026-06-24T21:19:49.171011+00:00
TIC_240681314_001,240681314,starspot,tess_rotation_vizier,medium,,,,78.4000015258789,,0,TESS Rotation Catalog (VizieR J/ApJS/259/62),data/raw/240681314.npz,,,Rotationally modulated star; not a box transit,2026-06-24T21:19:49.171030+00:00
TIC_271898990_001,271898990,starspot,tess_rotation_vizier,medium,,,,12.449999809265137,,0,TESS Rotation Catalog (VizieR J/ApJS/259/62),data/raw/271898990.npz,,,Rotationally modulated star; not a box transit,2026-06-24T21:19:49.171050+00:00
TIC_272212970_001,272212970,starspot,tess_rotation_vizier,medium,,,,16.540000915527344,,0,TESS Rotation Catalog (VizieR J/ApJS/259/62),data/raw/272212970.npz,,,Rotationally modulated star; not a box transit,2026-06-24T21:19:49.171070+00:00
TIC_283419843_001,283419843,starspot,tess_rotation_vizier,medium,,,,34.400001525878906,,0,TESS Rotation Catalog (VizieR J/ApJS/259/62),data/raw/283419843.npz,,,Rotationally modulated star; not a box transit,2026-06-24T21:19:49.171089+00:00
TIC_285272237_001,285272237,starspot,tess_rotation_vizier,medium,,,,45.61000061035156,,0,TESS Rotation Catalog (VizieR J/ApJS/259/62),data/raw/285272237.npz,,,Rotationally modulated star; not a box transit,2026-06-24T21:19:49.171109+00:00
TIC_292152376_001,292152376,starspot,tess_rotation_vizier,medium,,,,215.19000244140625,,0,TESS Rotation Catalog (VizieR J/ApJS/259/62),data/raw/292152376.npz,,,Rotationally modulated star; not a box transit,2026-06-24T21:19:49.171129+00:00
TIC_293457754_001,293457754,starspot,tess_rotation_vizier,medium,,,,40.380001068115234,,0,TESS Rotation Catalog (VizieR J/ApJS/259/62),data/raw/293457754.npz,,,Rotationally modulated star; not a box transit,2026-06-24T21:19:49.171148+00:00
TIC_301031110_001,301031110,starspot,tess_rotation_vizier,medium,,,,15.149999618530272,,0,TESS Rotation Catalog (VizieR J/ApJS/259/62),data/raw/301031110.npz,,,Rotationally modulated star; not a box transit,2026-06-24T21:19:49.171168+00:00
TIC_305243225_001,305243225,starspot,tess_rotation_vizier,medium,,,,58.63999938964844,,0,TESS Rotation Catalog (VizieR J/ApJS/259/62),data/raw/305243225.npz,,,Rotationally modulated star; not a box transit,2026-06-24T21:19:49.171188+00:00
TIC_31858843_001,31858843,starspot,tess_rotation_vizier,medium,,,,96.26000213623048,,0,TESS Rotation Catalog (VizieR J/ApJS/259/62),data/raw/31858843.npz,,,Rotationally modulated star; not a box transit,2026-06-24T21:19:49.171208+00:00
TIC_322307342_001,322307342,starspot,tess_rotation_vizier,medium,,,,23.700000762939453,,0,TESS Rotation Catalog (VizieR J/ApJS/259/62),data/raw/322307342.npz,,,Rotationally modulated star; not a box transit,2026-06-24T21:19:49.171227+00:00
TIC_346338552_001,346338552,starspot,tess_rotation_vizier,medium,,,,207.6199951171875,,0,TESS Rotation Catalog (VizieR J/ApJS/259/62),data/raw/346338552.npz,,,Rotationally modulated star; not a box transit,2026-06-24T21:19:49.171247+00:00
TIC_346626688_001,346626688,starspot,tess_rotation_vizier,medium,,,,49.06999969482422,,0,TESS Rotation Catalog (VizieR J/ApJS/259/62),data/raw/346626688.npz,,,Rotationally modulated star; not a box transit,2026-06-24T21:19:49.171267+00:00
TIC_347430350_001,347430350,starspot,tess_rotation_vizier,medium,,,,190.83999633789065,,0,TESS Rotation Catalog (VizieR J/ApJS/259/62),data/raw/347430350.npz,,,Rotationally modulated star; not a box transit,2026-06-24T21:19:49.171287+00:00
TIC_353459965_001,353459965,starspot,tess_rotation_vizier,medium,,,,101.87000274658205,,0,TESS Rotation Catalog (VizieR J/ApJS/259/62),data/raw/353459965.npz,,,Rotationally modulated star; not a box transit,2026-06-24T21:19:49.171306+00:00
TIC_360742636_001,360742636,starspot,tess_rotation_vizier,medium,,,,108.93000030517578,,0,TESS Rotation Catalog (VizieR J/ApJS/259/62),data/raw/360742636.npz,,,Rotationally modulated star; not a box transit,2026-06-24T21:19:49.171326+00:00
TIC_369455629_001,369455629,starspot,tess_rotation_vizier,medium,,,,21.399999618530273,,0,TESS Rotation Catalog (VizieR J/ApJS/259/62),data/raw/369455629.npz,,,Rotationally modulated star; not a box transit,2026-06-24T21:19:49.171346+00:00
TIC_37718056_001,37718056,starspot,tess_rotation_vizier,medium,,,,25.469999313354492,,0,TESS Rotation Catalog (VizieR J/ApJS/259/62),data/raw/37718056.npz,,,Rotationally modulated star; not a box transit,2026-06-24T21:19:49.171365+00:00
TIC_388909695_001,388909695,starspot,tess_rotation_vizier,medium,,,,104.44000244140624,,0,TESS Rotation Catalog (VizieR J/ApJS/259/62),data/raw/388909695.npz,,,Rotationally modulated star; not a box transit,2026-06-24T21:19:49.171385+00:00
TIC_398943781_001,398943781,starspot,tess_rotation_vizier,medium,,,,137.22999572753906,,0,TESS Rotation Catalog (VizieR J/ApJS/259/62),data/raw/398943781.npz,,,Rotationally modulated star; not a box transit,2026-06-24T21:19:49.171404+00:00
TIC_399870368_001,399870368,starspot,tess_rotation_vizier,medium,,,,168.49000549316406,,0,TESS Rotation Catalog (VizieR J/ApJS/259/62),data/raw/399870368.npz,,,Rotationally modulated star; not a box transit,2026-06-24T21:19:49.171424+00:00
TIC_405010127_001,405010127,starspot,tess_rotation_vizier,medium,,,,11.5600004196167,,0,TESS Rotation Catalog (VizieR J/ApJS/259/62),data/raw/405010127.npz,,,Rotationally modulated star; not a box transit,2026-06-24T21:19:49.171444+00:00
TIC_411608801_001,411608801,starspot,tess_rotation_vizier,medium,,,,53.77000045776367,,0,TESS Rotation Catalog (VizieR J/ApJS/259/62),data/raw/411608801.npz,,,Rotationally modulated star; not a box transit,2026-06-24T21:19:49.171464+00:00
TIC_420779000_001,420779000,starspot,tess_rotation_vizier,medium,,,,35.290000915527344,,0,TESS Rotation Catalog (VizieR J/ApJS/259/62),data/raw/420779000.npz,,,Rotationally modulated star; not a box transit,2026-06-24T21:19:49.171483+00:00
TIC_424865156_001,424865156,starspot,tess_rotation_vizier,medium,,,,83.16999816894531,,0,TESS Rotation Catalog (VizieR J/ApJS/259/62),data/raw/424865156.npz,,,Rotationally modulated star; not a box transit,2026-06-24T21:19:49.171503+00:00
TIC_439842788_001,439842788,starspot,tess_rotation_vizier,medium,,,,62.810001373291016,,0,TESS Rotation Catalog (VizieR J/ApJS/259/62),data/raw/439842788.npz,,,Rotationally modulated star; not a box transit,2026-06-24T21:19:49.171523+00:00
TIC_455096220_001,455096220,starspot,tess_rotation_vizier,medium,,,,47.0099983215332,,0,TESS Rotation Catalog (VizieR J/ApJS/259/62),data/raw/455096220.npz,,,Rotationally modulated star; not a box transit,2026-06-24T21:19:49.171542+00:00
TIC_51234631_001,51234631,starspot,tess_rotation_vizier,medium,,,,97.41999816894533,,0,TESS Rotation Catalog (VizieR J/ApJS/259/62),data/raw/51234631.npz,,,Rotationally modulated star; not a box transit,2026-06-24T21:19:49.171562+00:00
TIC_53750200_001,53750200,starspot,tess_rotation_vizier,medium,,,,11.65999984741211,,0,TESS Rotation Catalog (VizieR J/ApJS/259/62),data/raw/53750200.npz,,,Rotationally modulated star; not a box transit,2026-06-24T21:19:49.171583+00:00
TIC_77156657_001,77156657,starspot,tess_rotation_vizier,medium,,,,23.600000381469727,,0,TESS Rotation Catalog (VizieR J/ApJS/259/62),data/raw/77156657.npz,,,Rotationally modulated star; not a box transit,2026-06-24T21:19:49.171603+00:00
TIC_82308728_001,82308728,starspot,tess_rotation_vizier,medium,,,,32.650001525878906,,0,TESS Rotation Catalog (VizieR J/ApJS/259/62),data/raw/82308728.npz,,,Rotationally modulated star; not a box transit,2026-06-24T21:19:49.171624+00:00
TIC_99224131_001,99224131,starspot,tess_rotation_vizier,medium,,,,106.83999633789062,,0,TESS Rotation Catalog (VizieR J/ApJS/259/62),data/raw/99224131.npz,,,Rotationally modulated star; not a box transit,2026-06-24T21:19:49.171644+00:00
TIC_10827386_001,10827386,transit,nasa_pscomppars,high,6.2996431,1.025,0.0937083333333333,,,0,NASA Exoplanet Archive pscomppars,data/raw/10827386.npz,,,TESS discovery via Transiting Exoplanet Survey Satellite (TESS),2026-06-24T21:19:49.171664+00:00
TIC_124235800_001,124235800,transit,nasa_pscomppars,high,2.76520470167,0.239,0.0603611458333333,,,0,NASA Exoplanet Archive pscomppars,data/raw/124235800.npz,,,TESS discovery via Transiting Exoplanet Survey Satellite (TESS),2026-06-24T21:19:49.171683+00:00
TIC_124573851_001,124573851,transit,nasa_pscomppars,high,3.945152,0.0841,0.1196341375,,,0,NASA Exoplanet Archive pscomppars,data/raw/124573851.npz,,,TESS discovery via Transiting Exoplanet Survey Satellite (TESS),2026-06-24T21:19:49.171703+00:00
TIC_130924120_001,130924120,transit,nasa_pscomppars,high,17.46819,0.0926,0.155,,,0,NASA Exoplanet Archive pscomppars,data/raw/130924120.npz,,,TESS discovery via Transiting Exoplanet Survey Satellite (TESS),2026-06-24T21:19:49.171723+00:00
TIC_142394656_001,142394656,transit,nasa_pscomppars,high,8.1577094,0.8186,0.1667083333333333,,,0,NASA Exoplanet Archive pscomppars,data/raw/142394656.npz,,,TESS discovery via Transiting Exoplanet Survey Satellite (TESS),2026-06-24T21:19:49.171742+00:00
TIC_146520535_001,146520535,transit,nasa_pscomppars,high,4.32421,0.148,0.1418,,,0,NASA Exoplanet Archive pscomppars,data/raw/146520535.npz,,,TESS discovery via Transiting Exoplanet Survey Satellite (TESS),2026-06-24T21:19:49.171762+00:00
TIC_147027702_001,147027702,transit,nasa_pscomppars,high,44.40523,0.22,0.6625,,,0,NASA Exoplanet Archive pscomppars,data/raw/147027702.npz,,,TESS discovery via Transiting Exoplanet Survey Satellite (TESS),2026-06-24T21:19:49.171782+00:00
TIC_148497855_001,148497855,transit,nasa_pscomppars,high,3.2783662,0.3415,0.1649166666666666,,,0,NASA Exoplanet Archive pscomppars,data/raw/148497855.npz,,,TESS discovery via Transiting Exoplanet Survey Satellite (TESS),2026-06-24T21:19:49.171806+00:00
TIC_149845414_001,149845414,transit,nasa_pscomppars,high,7.994037,0.04046194,0.1779602916666667,,,0,NASA Exoplanet Archive pscomppars,data/raw/149845414.npz,,,TESS discovery via Transiting Exoplanet Survey Satellite (TESS),2026-06-24T21:19:49.171826+00:00
TIC_150030205_001,150030205,transit,nasa_pscomppars,high,4.5117244,0.030613,0.085,,,0,NASA Exoplanet Archive pscomppars,data/raw/150030205.npz,,,TESS discovery via Transiting Exoplanet Survey Satellite (TESS),2026-06-24T21:19:49.171869+00:00
TIC_150098860_001,150098860,transit,nasa_pscomppars,high,10.695264,0.09277985,0.0932916666666666,,,0,NASA Exoplanet Archive pscomppars,data/raw/150098860.npz,,,TESS discovery via Transiting Exoplanet Survey Satellite (TESS),2026-06-24T21:19:49.171929+00:00
TIC_151483286_001,151483286,transit,nasa_pscomppars,high,4.039709,1.3,0.1585,,,0,NASA Exoplanet Archive pscomppars,data/raw/151483286.npz,,,TESS discovery via Transiting Exoplanet Survey Satellite (TESS),2026-06-24T21:19:49.171979+00:00
TIC_156648452_001,156648452,transit,nasa_pscomppars,high,3.4936264,0.885,0.1482083333333333,,,0,NASA Exoplanet Archive pscomppars,data/raw/156648452.npz,,,TESS discovery via Transiting Exoplanet Survey Satellite (TESS),2026-06-24T21:19:49.172003+00:00
TIC_158025009_001,158025009,transit,nasa_pscomppars,high,1.0697568,0.0455,0.0625,,,0,NASA Exoplanet Archive pscomppars,data/raw/158025009.npz,,,TESS discovery via Transiting Exoplanet Survey Satellite (TESS),2026-06-24T21:19:49.172092+00:00
TIC_16005254_001,16005254,transit,nasa_pscomppars,high,3.792622,2.444,0.073875,,,0,NASA Exoplanet Archive pscomppars,data/raw/16005254.npz,,,TESS discovery via Transiting Exoplanet Survey Satellite (TESS),2026-06-24T21:19:49.172116+00:00
TIC_163539739_001,163539739,transit,nasa_pscomppars,high,14.47567,0.96185799,0.0674270166666666,,,0,NASA Exoplanet Archive pscomppars,data/raw/163539739.npz,,,TESS discovery via Transiting Exoplanet Survey Satellite (TESS),2026-06-24T21:19:49.172137+00:00
TIC_172900988_001,172900988,transit,nasa_pscomppars,high,200.452,,,,,0,NASA Exoplanet Archive pscomppars,data/raw/172900988.npz,,,TESS discovery via Transiting Exoplanet Survey Satellite (TESS),2026-06-24T21:19:49.172159+00:00
TIC_179582003_001,179582003,transit,nasa_pscomppars,high,104.61611,0.61114633,0.3887083333333334,,,0,NASA Exoplanet Archive pscomppars,data/raw/179582003.npz,,,TESS discovery via Transiting Exoplanet Survey Satellite (TESS),2026-06-24T21:19:49.172180+00:00
TIC_186810676_001,186810676,transit,nasa_pscomppars,high,9.485236,3.2417,0.1215833333333333,,,0,NASA Exoplanet Archive pscomppars,data/raw/186810676.npz,,,TESS discovery via Transiting Exoplanet Survey Satellite (TESS),2026-06-24T21:19:49.172201+00:00
TIC_18942729_001,18942729,transit,nasa_pscomppars,high,0.99817838064,,0.0476700333333333,,,0,NASA Exoplanet Archive pscomppars,data/raw/18942729.npz,,,TESS discovery via Transiting Exoplanet Survey Satellite (TESS),2026-06-24T21:19:49.172222+00:00
TIC_198356533_001,198356533,transit,nasa_pscomppars,high,18.840942,0.0331,0.19375,,,0,NASA Exoplanet Archive pscomppars,data/raw/198356533.npz,,,TESS discovery via Transiting Exoplanet Survey Satellite (TESS),2026-06-24T21:19:49.172243+00:00
TIC_207141131_001,207141131,transit,nasa_pscomppars,high,4.1374354,0.10084447,0.0858333333333333,,,0,NASA Exoplanet Archive pscomppars,data/raw/207141131.npz,,,TESS discovery via Transiting Exoplanet Survey Satellite (TESS),2026-06-24T21:19:49.172264+00:00
TIC_219850915_001,219850915,transit,nasa_pscomppars,high,6.400316483,0.10266019,0.092075,,,0,NASA Exoplanet Archive pscomppars,data/raw/219850915.npz,,,TESS discovery via Transiting Exoplanet Survey Satellite (TESS),2026-06-24T21:19:49.172285+00:00
TIC_219852584_001,219852584,transit,nasa_pscomppars,high,3.1968838,0.79589807,0.2583333333333333,,,0,NASA Exoplanet Archive pscomppars,data/raw/219852584.npz,,,TESS discovery via Transiting Exoplanet Survey Satellite (TESS),2026-06-24T21:19:49.172307+00:00
TIC_219852882_001,219852882,transit,nasa_pscomppars,high,1.7622538,0.07335551,0.0365821291666666,,,0,NASA Exoplanet Archive pscomppars,data/raw/219852882.npz,,,TESS discovery via Transiting Exoplanet Survey Satellite (TESS),2026-06-24T21:19:49.172328+00:00
TIC_220479565_001,220479565,transit,nasa_pscomppars,high,3.6977104,0.47556707,0.0387844291666666,,,0,NASA Exoplanet Archive pscomppars,data/raw/220479565.npz,,,TESS discovery via Transiting Exoplanet Survey Satellite (TESS),2026-06-24T21:19:49.172349+00:00
TIC_23434737_001,23434737,transit,nasa_pscomppars,high,25.502672,0.05583759,0.2563749999999999,,,0,NASA Exoplanet Archive pscomppars,data/raw/23434737.npz,,,TESS discovery via Transiting Exoplanet Survey Satellite (TESS),2026-06-24T21:19:49.172400+00:00
TIC_235678745_001,235678745,transit,nasa_pscomppars,high,17.66484,0.07363925,0.1151872958333333,,,0,NASA Exoplanet Archive pscomppars,data/raw/235678745.npz,,,TESS discovery via Transiting Exoplanet Survey Satellite (TESS),2026-06-24T21:19:49.172431+00:00
TIC_249022743_001,249022743,transit,nasa_pscomppars,high,2.25719681538,,0.1220083249999999,,,0,NASA Exoplanet Archive pscomppars,data/raw/249022743.npz,,,TESS discovery via Transiting Exoplanet Survey Satellite (TESS),2026-06-24T21:19:49.172455+00:00
TIC_259233660_001,259233660,transit,nasa_pscomppars,high,0.448959,0.06748277,0.0318228208333333,,,0,NASA Exoplanet Archive pscomppars,data/raw/259233660.npz,,,TESS discovery via Transiting Exoplanet Survey Satellite (TESS),2026-06-24T21:19:49.172477+00:00
TIC_261257684_001,261257684,transit,nasa_pscomppars,high,10.8772,0.18272189,0.1520833333333333,,,0,NASA Exoplanet Archive pscomppars,data/raw/261257684.npz,,,TESS discovery via Transiting Exoplanet Survey Satellite (TESS),2026-06-24T21:19:49.172501+00:00
TIC_263179590_001,263179590,transit,nasa_pscomppars,high,3.738252,0.13164623,0.123967,,,0,NASA Exoplanet Archive pscomppars,data/raw/263179590.npz,,,TESS discovery via Transiting Exoplanet Survey Satellite (TESS),2026-06-24T21:19:49.172522+00:00
TIC_267215820_001,267215820,transit,nasa_pscomppars,high,2.262196,2.447,0.0983333333333333,,,0,NASA Exoplanet Archive pscomppars,data/raw/267215820.npz,,,TESS discovery via Transiting Exoplanet Survey Satellite (TESS),2026-06-24T21:19:49.172543+00:00
TIC_286201103_001,286201103,transit,nasa_pscomppars,high,0.8574347,0.1517,0.0270833333333333,,,0,NASA Exoplanet Archive pscomppars,data/raw/286201103.npz,,,TESS discovery via Transiting Exoplanet Survey Satellite (TESS),2026-06-24T21:19:49.172564+00:00
TIC_287156968_001,287156968,transit,nasa_pscomppars,high,25.05713123288,0.0533486,0.3142676041666666,,,0,NASA Exoplanet Archive pscomppars,data/raw/287156968.npz,,,TESS discovery via Transiting Exoplanet Survey Satellite (TESS),2026-06-24T21:19:49.172585+00:00
TIC_28961316_001,28961316,transit,nasa_pscomppars,high,3.3462406,0.4576,0.174,,,0,NASA Exoplanet Archive pscomppars,data/raw/28961316.npz,,,TESS discovery via Transiting Exoplanet Survey Satellite (TESS),2026-06-24T21:19:49.172605+00:00
TIC_293954617_001,293954617,transit,nasa_pscomppars,high,7.4341325,0.0701,0.111375,,,0,NASA Exoplanet Archive pscomppars,data/raw/293954617.npz,,,TESS discovery via Transiting Exoplanet Survey Satellite (TESS),2026-06-24T21:19:49.172628+00:00
TIC_299798795_001,299798795,transit,nasa_pscomppars,high,4.1782745,0.228,0.0698293333333333,,,0,NASA Exoplanet Archive pscomppars,data/raw/299798795.npz,,,TESS discovery via Transiting Exoplanet Survey Satellite (TESS),2026-06-24T21:19:49.172649+00:00
TIC_307221757_001,307221757,transit,nasa_pscomppars,high,6.78130241498,0.264,0.1760495541666666,,,0,NASA Exoplanet Archive pscomppars,data/raw/307221757.npz,,,TESS discovery via Transiting Exoplanet Survey Satellite (TESS),2026-06-24T21:19:49.172669+00:00
TIC_31374837_001,31374837,transit,nasa_pscomppars,high,0.490047,0.029104,0.0421805333333333,,,0,NASA Exoplanet Archive pscomppars,data/raw/31374837.npz,,,TESS discovery via Transiting Exoplanet Survey Satellite (TESS),2026-06-24T21:19:49.172689+00:00
TIC_317483660_001,317483660,transit,nasa_pscomppars,high,3.3312029,1.147,0.1582083333333333,,,0,NASA Exoplanet Archive pscomppars,data/raw/317483660.npz,,,TESS discovery via Transiting Exoplanet Survey Satellite (TESS),2026-06-24T21:19:49.172709+00:00
TIC_328513434_001,328513434,transit,nasa_pscomppars,high,1.79058695,4.7315,0.0641666666666666,,,0,NASA Exoplanet Archive pscomppars,data/raw/328513434.npz,,,TESS discovery via Transiting Exoplanet Survey Satellite (TESS),2026-06-24T21:19:49.172731+00:00
TIC_332534326_001,332534326,transit,nasa_pscomppars,high,2.499387,1.061,0.1308333333333333,,,0,NASA Exoplanet Archive pscomppars,data/raw/332534326.npz,,,TESS discovery via Transiting Exoplanet Survey Satellite (TESS),2026-06-24T21:19:49.172751+00:00
TIC_332558858_001,332558858,transit,nasa_pscomppars,high,13.33668,0.821,0.1826666666666666,,,0,NASA Exoplanet Archive pscomppars,data/raw/332558858.npz,,,TESS discovery via Transiting Exoplanet Survey Satellite (TESS),2026-06-24T21:19:49.172771+00:00
TIC_350153977_001,350153977,transit,nasa_pscomppars,high,3.183792,0.08502084,0.102375,,,0,NASA Exoplanet Archive pscomppars,data/raw/350153977.npz,,,TESS discovery via Transiting Exoplanet Survey Satellite (TESS),2026-06-24T21:19:49.172791+00:00
TIC_357312511_001,357312511,transit,nasa_pscomppars,high,32.600268,0.449,0.172875,,,0,NASA Exoplanet Archive pscomppars,data/raw/357312511.npz,,,TESS discovery via Transiting Exoplanet Survey Satellite (TESS),2026-06-24T21:19:49.172811+00:00
TIC_357501308_001,357501308,transit,nasa_pscomppars,high,7.435583,0.13106803,0.0983333333333333,,,0,NASA Exoplanet Archive pscomppars,data/raw/357501308.npz,,,TESS discovery via Transiting Exoplanet Survey Satellite (TESS),2026-06-24T21:19:49.172831+00:00
TIC_365733349_001,365733349,transit,nasa_pscomppars,high,2.6998279,0.2798,0.0991354666666666,,,0,NASA Exoplanet Archive pscomppars,data/raw/365733349.npz,,,TESS discovery via Transiting Exoplanet Survey Satellite (TESS),2026-06-24T21:19:49.172851+00:00
TIC_367858035_001,367858035,transit,nasa_pscomppars,high,20.705074685,0.1822,0.1530291666666666,,,0,NASA Exoplanet Archive pscomppars,data/raw/367858035.npz,,,TESS discovery via Transiting Exoplanet Survey Satellite (TESS),2026-06-24T21:19:49.172877+00:00
TIC_381360750_001,381360750,transit,nasa_pscomppars,high,3.61365988443,0.178,0.1056074375,,,0,NASA Exoplanet Archive pscomppars,data/raw/381360750.npz,,,TESS discovery via Transiting Exoplanet Survey Satellite (TESS),2026-06-24T21:19:49.172897+00:00
TIC_39200363_001,39200363,transit,nasa_pscomppars,high,3.8266472,0.11818154,0.0880416666666666,,,0,NASA Exoplanet Archive pscomppars,data/raw/39200363.npz,,,TESS discovery via Transiting Exoplanet Survey Satellite (TESS),2026-06-24T21:19:49.172918+00:00
TIC_392476080_001,392476080,transit,nasa_pscomppars,high,0.67247414,0.6651,0.0750416666666666,,,0,NASA Exoplanet Archive pscomppars,data/raw/392476080.npz,,,TESS discovery via Transiting Exoplanet Survey Satellite (TESS),2026-06-24T21:19:49.172938+00:00
TIC_394287035_001,394287035,transit,nasa_pscomppars,high,17.10197,1.143,0.139875,,,0,NASA Exoplanet Archive pscomppars,data/raw/394287035.npz,,,TESS discovery via Transiting Exoplanet Survey Satellite (TESS),2026-06-24T21:19:49.172957+00:00
TIC_395171208_001,395171208,transit,nasa_pscomppars,high,4.720219,0.555,0.1934,,,0,NASA Exoplanet Archive pscomppars,data/raw/395171208.npz,,,TESS discovery via Transiting Exoplanet Survey Satellite (TESS),2026-06-24T21:19:49.172977+00:00
TIC_407966340_001,407966340,transit,nasa_pscomppars,high,3.04405,0.0082735,0.0563104,,,0,NASA Exoplanet Archive pscomppars,data/raw/407966340.npz,,,TESS discovery via Transiting Exoplanet Survey Satellite (TESS),2026-06-24T21:19:49.172997+00:00
TIC_417931607_001,417931607,transit,nasa_pscomppars,high,16.537944,0.0608,0.128918475,,,0,NASA Exoplanet Archive pscomppars,data/raw/417931607.npz,,,TESS discovery via Transiting Exoplanet Survey Satellite (TESS),2026-06-24T21:19:49.173017+00:00
TIC_425997655_001,425997655,transit,nasa_pscomppars,high,3.97664,0.0142,0.0829166666666666,,,0,NASA Exoplanet Archive pscomppars,data/raw/425997655.npz,,,TESS discovery via Transiting Exoplanet Survey Satellite (TESS),2026-06-24T21:19:49.173037+00:00
TIC_434398831_001,434398831,transit,nasa_pscomppars,high,3.685504,,0.1149999999999999,,,0,NASA Exoplanet Archive pscomppars,data/raw/434398831.npz,,,TESS discovery via Transiting Exoplanet Survey Satellite (TESS),2026-06-24T21:19:49.173057+00:00
TIC_436873727_001,436873727,transit,nasa_pscomppars,high,22.09341,0.26336009,0.2265833333333333,,,0,NASA Exoplanet Archive pscomppars,data/raw/436873727.npz,,,TESS discovery via Transiting Exoplanet Survey Satellite (TESS),2026-06-24T21:19:49.173077+00:00
TIC_439366538_001,439366538,transit,nasa_pscomppars,high,4.3136193,0.933,0.0788333333333333,,,0,NASA Exoplanet Archive pscomppars,data/raw/439366538.npz,,,TESS discovery via Transiting Exoplanet Survey Satellite (TESS),2026-06-24T21:19:49.173097+00:00
TIC_440887364_001,440887364,transit,nasa_pscomppars,high,3.81673,0.058,0.0752083333333333,,,0,NASA Exoplanet Archive pscomppars,data/raw/440887364.npz,,,TESS discovery via Transiting Exoplanet Survey Satellite (TESS),2026-06-24T21:19:49.173117+00:00
TIC_441739020_001,441739020,transit,nasa_pscomppars,high,10.98462,0.0315,0.1166666666666666,,,0,NASA Exoplanet Archive pscomppars,data/raw/441739020.npz,,,TESS discovery via Transiting Exoplanet Survey Satellite (TESS),2026-06-24T21:19:49.173136+00:00
TIC_443607377_001,443607377,transit,nasa_pscomppars,high,4.02074127419,0.1556,0.0827173375,,,0,NASA Exoplanet Archive pscomppars,data/raw/443607377.npz,,,TESS discovery via Transiting Exoplanet Survey Satellite (TESS),2026-06-24T21:19:49.173156+00:00
TIC_445859771_001,445859771,transit,nasa_pscomppars,high,4.631296,0.486,0.0597916666666666,,,0,NASA Exoplanet Archive pscomppars,data/raw/445859771.npz,,,TESS discovery via Transiting Exoplanet Survey Satellite (TESS),2026-06-24T21:19:49.173177+00:00
TIC_466376085_001,466376085,transit,nasa_pscomppars,high,1.271869,1.4,,,,0,NASA Exoplanet Archive pscomppars,data/raw/466376085.npz,,,TESS discovery via Transiting Exoplanet Survey Satellite (TESS),2026-06-24T21:19:49.173196+00:00
TIC_467179528_001,467179528,transit,nasa_pscomppars,high,10.8945,0.31683854,0.0887,,,0,NASA Exoplanet Archive pscomppars,data/raw/467179528.npz,,,TESS discovery via Transiting Exoplanet Survey Satellite (TESS),2026-06-24T21:19:49.173217+00:00
TIC_468574941_001,468574941,transit,nasa_pscomppars,high,1.4971842,1.62662492,0.1004166666666666,,,0,NASA Exoplanet Archive pscomppars,data/raw/468574941.npz,,,TESS discovery via Transiting Exoplanet Survey Satellite (TESS),2026-06-24T21:19:49.173236+00:00
TIC_50618703_001,50618703,transit,nasa_pscomppars,high,1.548352,0.09264111,0.0504166666666666,,,0,NASA Exoplanet Archive pscomppars,data/raw/50618703.npz,,,TESS discovery via Transiting Exoplanet Survey Satellite (TESS),2026-06-24T21:19:49.173257+00:00
TIC_55275863_001,55275863,transit,nasa_pscomppars,high,8.59225810839,0.08855569,0.1405485625,,,0,NASA Exoplanet Archive pscomppars,data/raw/55275863.npz,,,TESS discovery via Transiting Exoplanet Survey Satellite (TESS),2026-06-24T21:19:49.173277+00:00
TIC_59128183_001,59128183,transit,nasa_pscomppars,high,4.44143463188,0.33758183,0.0609385,,,0,NASA Exoplanet Archive pscomppars,data/raw/59128183.npz,,,TESS discovery via Transiting Exoplanet Survey Satellite (TESS),2026-06-24T21:19:49.173297+00:00
TIC_62895484_001,62895484,transit,nasa_pscomppars,high,2.83985434327,,0.10347345,,,0,NASA Exoplanet Archive pscomppars,data/raw/62895484.npz,,,TESS discovery via Transiting Exoplanet Survey Satellite (TESS),2026-06-24T21:19:49.173317+00:00
TIC_73540072_001,73540072,transit,nasa_pscomppars,high,1.2436258,0.179,0.0495833333333333,,,0,NASA Exoplanet Archive pscomppars,data/raw/73540072.npz,,,TESS discovery via Transiting Exoplanet Survey Satellite (TESS),2026-06-24T21:19:49.173338+00:00
TIC_80611440_001,80611440,transit,nasa_pscomppars,high,5.377219,0.3206,0.1945,,,0,NASA Exoplanet Archive pscomppars,data/raw/80611440.npz,,,TESS discovery via Transiting Exoplanet Survey Satellite (TESS),2026-06-24T21:19:49.173387+00:00
TIC_83092282_001,83092282,transit,nasa_pscomppars,high,6.402513,0.38149509,0.1627916666666666,,,0,NASA Exoplanet Archive pscomppars,data/raw/83092282.npz,,,TESS discovery via Transiting Exoplanet Survey Satellite (TESS),2026-06-24T21:19:49.173410+00:00
TIC_8348911_001,8348911,transit,nasa_pscomppars,high,2.326318,0.41536144,0.0408333333333333,,,0,NASA Exoplanet Archive pscomppars,data/raw/8348911.npz,,,TESS discovery via Transiting Exoplanet Survey Satellite (TESS),2026-06-24T21:19:49.173430+00:00
TIC_88785435_001,88785435,transit,nasa_pscomppars,high,10.508843,,0.1708333333333333,,,0,NASA Exoplanet Archive pscomppars,data/raw/88785435.npz,,,TESS discovery via Transiting Exoplanet Survey Satellite (TESS),2026-06-24T21:19:49.173450+00:00
TIC_89020549_001,89020549,transit,nasa_pscomppars,high,2.1097019,0.13097297,0.0889335124999999,,,0,NASA Exoplanet Archive pscomppars,data/raw/89020549.npz,,,TESS discovery via Transiting Exoplanet Survey Satellite (TESS),2026-06-24T21:19:49.173472+00:00
TIC_9348006_001,9348006,transit,nasa_pscomppars,high,10.2405549,0.995,0.1526613416666666,,,0,NASA Exoplanet Archive pscomppars,data/raw/9348006.npz,,,TESS discovery via Transiting Exoplanet Survey Satellite (TESS),2026-06-24T21:19:49.173492+00:00
TIC_97921547_001,97921547,transit,nasa_pscomppars,high,2.827972,1.4846,0.1091666666666666,,,0,NASA Exoplanet Archive pscomppars,data/raw/97921547.npz,,,TESS discovery via Transiting Exoplanet Survey Satellite (TESS),2026-06-24T21:19:49.173512+00:00
TIC_99869022_001,99869022,transit,nasa_pscomppars,high,3.671463,0.434,0.0895416666666666,,,0,NASA Exoplanet Archive pscomppars,data/raw/99869022.npz,,,TESS discovery via Transiting Exoplanet Survey Satellite (TESS),2026-06-24T21:19:49.173532+00:00
